{
    "DEVICE_COUNT": 8,
    "N_SAMPLES_LOOP": 1,
    "N_SAMPLES_PER_TEMP": 4,
    "N_TEMPS_X": 8,
    "N_TEMPS_Y": 8,
    "TOTAL_SWEEPS": 3840000,
    "VECTORISATION_SHAPE": [
        1,
        8,
        8,
        4
    ],
    "VECTORISED_COUNT": 256,
    "flip_rate": 46.73285512757836,
    "measurement_time": 22356.57986497879,
    "rng_seed": 1,
    "thermalise_compile_time": 9.181752920150757,
    "thermalise_run_time": 1966.0310475826263
}