{
    "DEVICE_COUNT": 8,
    "N_SAMPLES_LOOP": 1,
    "N_SAMPLES_PER_TEMP": 16,
    "N_TEMPS_X": 8,
    "N_TEMPS_Y": 2,
    "TOTAL_SWEEPS": 640000,
    "VECTORISATION_SHAPE": [
        1,
        8,
        2,
        16
    ],
    "VECTORISED_COUNT": 256,
    "flip_rate": 4.011568654488547,
    "measurement_time": 1021.12535572052,
    "rng_seed": 1,
    "thermalise_compile_time": 9.30981159210205,
    "thermalise_run_time": 249.23548245429993
}