{
    "DEVICE_COUNT": 8,
    "N_SAMPLES_LOOP": 1,
    "N_SAMPLES_PER_TEMP": 4,
    "N_TEMPS_X": 8,
    "N_TEMPS_Y": 8,
    "TOTAL_SWEEPS": 640000,
    "VECTORISATION_SHAPE": [
        1,
        8,
        8,
        4
    ],
    "VECTORISED_COUNT": 256,
    "flip_rate": 6.348646380840958,
    "measurement_time": 2270.3921251296997,
    "rng_seed": 1,
    "thermalise_compile_time": 9.6597740650177,
    "thermalise_run_time": 248.47138261795044
}