{
    "DEVICE_COUNT": 8,
    "N_SAMPLES_LOOP": 1,
    "N_SAMPLES_PER_TEMP": 4,
    "N_TEMPS_X": 8,
    "N_TEMPS_Y": 8,
    "TOTAL_SWEEPS": 2560000,
    "VECTORISATION_SHAPE": [
        1,
        8,
        8,
        4
    ],
    "VECTORISED_COUNT": 256,
    "flip_rate": 39.4280101287367,
    "measurement_time": 11426.261229515076,
    "rng_seed": 1,
    "thermalise_compile_time": 7.718748092651367,
    "thermalise_run_time": 613.6570470333099
}