{
    "DEVICE_COUNT": 8,
    "N_SAMPLES_LOOP": 1,
    "N_SAMPLES_PER_TEMP": 4,
    "N_TEMPS_X": 8,
    "N_TEMPS_Y": 8,
    "TOTAL_SWEEPS": 640000,
    "VECTORISATION_SHAPE": [
        1,
        8,
        8,
        4
    ],
    "VECTORISED_COUNT": 256,
    "flip_rate": 34.30902178164391,
    "measurement_time": 390.852192401886,
    "rng_seed": 1,
    "thermalise_compile_time": 6.315016746520996,
    "thermalise_run_time": 8.001540899276733
}