{"16": 0.18590541232457436, "24": 0.18988095816442507, "32": 0.19098310110241357, "48": 0.19240785937976587, "64": 0.1928707448148292}