{
    "DEVICE_COUNT": 8,
    "N_SAMPLES_LOOP": 1,
    "N_SAMPLES_PER_TEMP": 4,
    "N_TEMPS_X": 8,
    "N_TEMPS_Y": 8,
    "TOTAL_SWEEPS": 2560000,
    "VECTORISATION_SHAPE": [
        1,
        8,
        8,
        4
    ],
    "VECTORISED_COUNT": 256,
    "flip_rate": 41.231411791283115,
    "measurement_time": 14108.016802072525,
    "rng_seed": 1,
    "thermalise_compile_time": 9.049343347549438,
    "thermalise_run_time": 840.4564626216888
}