{
    "DEVICE_COUNT": 96,
    "N_SAMPLES_LOOP": 1,
    "N_SAMPLES_PER_TEMP": 4,
    "N_TEMPS_X": 64,
    "N_TEMPS_Y": 1,
    "TOTAL_SWEEPS": 2560000,
    "VECTORISATION_SHAPE": [
        1,
        64,
        1,
        4
    ],
    "VECTORISED_COUNT": 256,
    "autocorrelation_time": 421.01045632362366,
    "flip_rate": 0.32121787737551866,
    "rng_seed": 1,
    "thermalise_compile_time": 5.253547430038452,
    "thermalise_run_time": 4082.8491854667664
}