{
    "DEVICE_COUNT": 8,
    "N_SAMPLES_LOOP": 1,
    "N_SAMPLES_PER_TEMP": 4,
    "N_TEMPS_X": 8,
    "N_TEMPS_Y": 8,
    "TOTAL_SWEEPS": 640000,
    "VECTORISATION_SHAPE": [
        1,
        8,
        8,
        4
    ],
    "VECTORISED_COUNT": 256,
    "flip_rate": 18.673670925323282,
    "measurement_time": 139.30889701843262,
    "rng_seed": 1,
    "thermalise_compile_time": 5.956479787826538,
    "thermalise_run_time": 4.269035816192627
}