{
    "DEVICE_COUNT": 8,
    "N_SAMPLES_LOOP": 1,
    "N_SAMPLES_PER_TEMP": 4,
    "N_TEMPS_X": 8,
    "N_TEMPS_Y": 8,
    "TOTAL_SWEEPS": 3840000,
    "VECTORISATION_SHAPE": [
        1,
        8,
        8,
        4
    ],
    "VECTORISED_COUNT": 256,
    "flip_rate": 41.726660696142226,
    "measurement_time": 19321.694258213043,
    "rng_seed": 1,
    "thermalise_compile_time": 8.496952772140503,
    "thermalise_run_time": 1689.9430651664734
}