{
    "DEVICE_COUNT": 8,
    "N_SAMPLES_LOOP": 1,
    "N_SAMPLES_PER_TEMP": 16,
    "N_TEMPS_X": 8,
    "N_TEMPS_Y": 2,
    "TOTAL_SWEEPS": 2560000,
    "VECTORISATION_SHAPE": [
        1,
        8,
        2,
        16
    ],
    "VECTORISED_COUNT": 256,
    "flip_rate": 2.1864254669965377,
    "measurement_time": 8852.22804403305,
    "rng_seed": 1,
    "thermalise_compile_time": 10.893513679504395,
    "thermalise_run_time": 8804.06677865982
}