{
    "DEVICE_COUNT": 8,
    "N_SAMPLES_LOOP": 1,
    "N_SAMPLES_PER_TEMP": 4,
    "N_TEMPS_X": 8,
    "N_TEMPS_Y": 8,
    "TOTAL_SWEEPS": 1280000,
    "VECTORISATION_SHAPE": [
        1,
        8,
        8,
        4
    ],
    "VECTORISED_COUNT": 256,
    "flip_rate": 59.474089126670755,
    "measurement_time": 2130.8401267528534,
    "rng_seed": 1,
    "thermalise_compile_time": 6.870834112167358,
    "thermalise_run_time": 74.69673991203308
}