{
    "DEVICE_COUNT": 8,
    "N_SAMPLES_LOOP": 1,
    "N_SAMPLES_PER_TEMP": 16,
    "N_TEMPS_X": 8,
    "N_TEMPS_Y": 2,
    "TOTAL_SWEEPS": 640000,
    "VECTORISATION_SHAPE": [
        1,
        8,
        2,
        16
    ],
    "VECTORISED_COUNT": 256,
    "flip_rate": 5.0414325165639955,
    "measurement_time": 441.9274470806122,
    "rng_seed": 1,
    "thermalise_compile_time": 9.494666337966919,
    "thermalise_run_time": 107.0363495349884
}