{
    "DEVICE_COUNT": 8,
    "N_SAMPLES_LOOP": 1,
    "N_SAMPLES_PER_TEMP": 4,
    "N_TEMPS_X": 8,
    "N_TEMPS_Y": 8,
    "TOTAL_SWEEPS": 640000,
    "VECTORISATION_SHAPE": [
        1,
        8,
        8,
        4
    ],
    "VECTORISED_COUNT": 256,
    "flip_rate": 7.004125542135906,
    "measurement_time": 970.4475450515747,
    "rng_seed": 1,
    "thermalise_compile_time": 9.535987854003906,
    "thermalise_run_time": 106.13353037834167
}