{
    "DEVICE_COUNT": 8,
    "N_SAMPLES_LOOP": 1,
    "N_SAMPLES_PER_TEMP": 16,
    "N_TEMPS_X": 8,
    "N_TEMPS_Y": 2,
    "TOTAL_SWEEPS": 1280000,
    "VECTORISATION_SHAPE": [
        1,
        8,
        2,
        16
    ],
    "VECTORISED_COUNT": 256,
    "flip_rate": 3.3052994178829516,
    "measurement_time": 1995.6008191108704,
    "rng_seed": 1,
    "thermalise_compile_time": 9.353088617324829,
    "thermalise_run_time": 975.1775102615356
}