{
    "DEVICE_COUNT": 8,
    "N_SAMPLES_LOOP": 1,
    "N_SAMPLES_PER_TEMP": 16,
    "N_TEMPS_X": 8,
    "N_TEMPS_Y": 2,
    "TOTAL_SWEEPS": 640000,
    "VECTORISATION_SHAPE": [
        1,
        8,
        2,
        16
    ],
    "VECTORISED_COUNT": 256,
    "flip_rate": 6.669672370036328,
    "measurement_time": 739.7877507209778,
    "rng_seed": 1,
    "thermalise_compile_time": 7.369690418243408,
    "thermalise_run_time": 34.741140365600586
}