{
    "DEVICE_COUNT": 8,
    "N_SAMPLES_LOOP": 1,
    "N_SAMPLES_PER_TEMP": 4,
    "N_TEMPS_X": 8,
    "N_TEMPS_Y": 8,
    "TOTAL_SWEEPS": 640000,
    "VECTORISATION_SHAPE": [
        1,
        8,
        8,
        4
    ],
    "VECTORISED_COUNT": 256,
    "flip_rate": 7.8605815442567595,
    "measurement_time": 308.0992577075958,
    "rng_seed": 1,
    "thermalise_compile_time": 9.300663471221924,
    "thermalise_run_time": 35.03375029563904
}