{
    "DEVICE_COUNT": 8,
    "N_SAMPLES_LOOP": 1,
    "N_SAMPLES_PER_TEMP": 4,
    "N_TEMPS_X": 8,
    "N_TEMPS_Y": 8,
    "TOTAL_SWEEPS": 1280000,
    "VECTORISATION_SHAPE": [
        1,
        8,
        8,
        4
    ],
    "VECTORISED_COUNT": 256,
    "flip_rate": 72.16602482584895,
    "measurement_time": 3184.7727212905884,
    "rng_seed": 1,
    "thermalise_compile_time": 8.192814588546753,
    "thermalise_run_time": 107.90370106697083
}