{
    "DEVICE_COUNT": 8,
    "N_SAMPLES_LOOP": 1,
    "N_SAMPLES_PER_TEMP": 4,
    "N_TEMPS_X": 8,
    "N_TEMPS_Y": 8,
    "TOTAL_SWEEPS": 2560000,
    "VECTORISATION_SHAPE": [
        1,
        8,
        8,
        4
    ],
    "VECTORISED_COUNT": 256,
    "flip_rate": 5.11248935469576,
    "measurement_time": 12651.144066810608,
    "rng_seed": 1,
    "thermalise_compile_time": 10.455054759979248,
    "thermalise_run_time": 5813.378699302673
}