{
    "DEVICE_COUNT": 8,
    "N_SAMPLES_LOOP": 1,
    "N_SAMPLES_PER_TEMP": 4,
    "N_TEMPS_X": 8,
    "N_TEMPS_Y": 8,
    "TOTAL_SWEEPS": 1280000,
    "VECTORISATION_SHAPE": [
        1,
        8,
        8,
        4
    ],
    "VECTORISED_COUNT": 256,
    "flip_rate": 5.292235094612474,
    "measurement_time": 7793.007351875305,
    "rng_seed": 1,
    "thermalise_compile_time": 10.33477520942688,
    "thermalise_run_time": 1818.2685132026672
}